Gas Name,Dielectric Strength (kV/cm),GWP,Breakdown Voltage (kV),Toxicity,Cost ($/kg),Cost Efficiency (kV/cm per $)
SF6,56.0,24300,14.0,Low,40,1.4
Novec 5110,73.6,1,18.4,Moderate,50,1.472
G3,110.0,2100,27.5,Low,30,3.6666666666666665
C4F7N,88.0,2750,22.0,Moderate,35,2.5142857142857142
CO2,16.8,1,4.2,,5,3.3600000000000003
Nitrogen,20.16,273,5.04,,3,6.72
